Workbook

Sheet Read me
A1: Five-question AI visibility test
A3: What this is: a way to see what ChatGPT, Claude and Perplexity say about your business. About 30 minutes, no tools.
A5: Steps
A6: 1. On the Questions sheet, fill in the yellow cells. The five questions write themselves.
A7: 2. Open each engine in a fresh chat. Turn off memory or personalization if the tool has it.
A8: 3. Paste each question with the exact wording. Use the same wording on every engine.
A9: 4. Ask each question at least twice. Answers vary from run to run.
A10: 5. Log every answer on the Log sheet: the date, the engine, the question number, and what you saw.
A11: 6. Read the Summary sheet. It fills in by itself.
A13: How to read the Summary
A14: Low mention rate on the unbranded questions (1 and 2): a visibility problem. The AI does not connect you with your category.
A15: Mentioned, but low in the list or described generically: a position problem. Check the Position and 'What it said' columns.
... A19: The chat apps your buyers use can answer differently from the developer tools (APIs). Use the apps for this test.

Sheet Questions
A1: Fill in the yellow cells
A2: Your brand
A3: Your category (e.g. invoicing tool)
A4: Type of buyer, with the article (e.g. a five-person agency)
A5: Specific need or budget
A6: Main competitor
A8: # | B8: Type | C8: Question to paste
A9: 1 | B9: Unbranded | C9: =IF(OR($B$3="",$B$4=""),"Fill in the yellow cells above","What is the best "&$B$3&" for "&$B$4&"?")
A10: 2 | B10: Unbranded | C10: =IF(OR($B$3="",$B$5=""),"Fill in the yellow cells above","What are the top "&$B$3&" options for "&$B$5&"?")
A11: 3 | B11: Branded | C11: =IF($B$2="","Fill in the yellow cells above","What is "&$B$2&" and who is it for?")
A12: 4 | B12: Branded | C12: =IF(OR($B$2="",$B$6=""),"Fill in the yellow cells above","Is "&$B$2&" worth it compared with "&$B$6&"?")
A13: 5 | B13: Branded | C13: =IF($B$2="","Fill in the yellow cells above","How much does "&$B$2&" cost and what is included?")

Sheet Log
A1: Date | B1: Engine | C1: Question # | D1: Question type | E1: Run # | F1: Mentioned? | G1: Position | H1: What it said about you | I1: Wrong or outdated? | J1: Competitors named | K1: Sources cited
D2: =IF(C2="","",IF(C2<=2,"Unbranded","Branded"))
D3: =IF(C3="","",IF(C3<=2,"Unbranded","Branded"))
D4: =IF(C4="","",IF(C4<=2,"Unbranded","Branded"))
D5: =IF(C5="","",IF(C5<=2,"Unbranded","Branded"))
D6: =IF(C6="","",IF(C6<=2,"Unbranded","Branded"))
D7: =IF(C7="","",IF(C7<=2,"Unbranded","Branded"))
D8: =IF(C8="","",IF(C8<=2,"Unbranded","Branded"))
D9: =IF(C9="","",IF(C9<=2,"Unbranded","Branded"))
D10: =IF(C10="","",IF(C10<=2,"Unbranded","Branded"))
D11: =IF(C11="","",IF(C11<=2,"Unbranded","Branded"))
D12: =IF(C12="","",IF(C12<=2,"Unbranded","Branded"))
D13: =IF(C13="","",IF(C13<=2,"Unbranded","Branded"))
... D91: =IF(C91="","",IF(C91<=2,"Unbranded","Branded"))

Sheet Summary
A1: Summary (fills in from the Log sheet)
A3: Engine | B3: Answers logged | C3: Unbranded answers | D3: Mentioned in unbranded | E3: Unbranded mention rate | F3: Branded answers | G3: Wrong or outdated facts
A4: ChatGPT | B4: =COUNTIFS(Log!$B$2:$B$91,$A4) | C4: =COUNTIFS(Log!$B$2:$B$91,$A4,Log!$D$2:$D$91,"Unbranded") | D4: =COUNTIFS(Log!$B$2:$B$91,$A4,Log!$D$2:$D$91,"Unbranded",Log!$F$2:$F$91,"Yes") | E4: =IF(C4=0,"",D4/C4) | F4: =COUNTIFS(Log!$B$2:$B$91,$A4,Log!$D$2:$D$91,"Branded") | G4: =COUNTIFS(Log!$B$2:$B$91,$A4,Log!$I$2:$I$91,"Yes")
A5: Claude | B5: =COUNTIFS(Log!$B$2:$B$91,$A5) | C5: =COUNTIFS(Log!$B$2:$B$91,$A5,Log!$D$2:$D$91,"Unbranded") | D5: =COUNTIFS(Log!$B$2:$B$91,$A5,Log!$D$2:$D$91,"Unbranded",Log!$F$2:$F$91,"Yes") | E5: =IF(C5=0,"",D5/C5) | F5: =COUNTIFS(Log!$B$2:$B$91,$A5,Log!$D$2:$D$91,"Branded") | G5: =COUNTIFS(Log!$B$2:$B$91,$A5,Log!$I$2:$I$91,"Yes")
A6: Perplexity | B6: =COUNTIFS(Log!$B$2:$B$91,$A6) | C6: =COUNTIFS(Log!$B$2:$B$91,$A6,Log!$D$2:$D$91,"Unbranded") | D6: =COUNTIFS(Log!$B$2:$B$91,$A6,Log!$D$2:$D$91,"Unbranded",Log!$F$2:$F$91,"Yes") | E6: =IF(C6=0,"",D6/C6) | F6: =COUNTIFS(Log!$B$2:$B$91,$A6,Log!$D$2:$D$91,"Branded") | G6: =COUNTIFS(Log!$B$2:$B$91,$A6,Log!$I$2:$I$91,"Yes")
A7: All engines | B7: =SUM(B4:B6) | C7: =SUM(C4:C6) | D7: =SUM(D4:D6) | E7: =IF(C7=0,"",D7/C7) | F7: =SUM(F4:F6) | G7: =SUM(G4:G6)
